Year,Season,Location_ID,Location_Name,Distance_km,WPI,BOD_mgL,COD_mgL,DO_mgL,FecalColiform_MPN100ml,pH,Nitrate_mgL
2020,Monsoon,1,Mulshi Dam (Mula Source),0,4.84,4.46,12.89,8.62,70,7.33,2.37
2020,Post-Monsoon,1,Mulshi Dam (Mula Source),0,7.52,5.43,15.2,7.83,219,7.35,0.95
2020,Winter,1,Mulshi Dam (Mula Source),0,3.29,2.96,5.67,8.36,50,7.23,2.13
2020,Summer,1,Mulshi Dam (Mula Source),0,9.44,7.29,16.1,7.68,767,7.19,2.32
2021,Monsoon,1,Mulshi Dam (Mula Source),0,2.21,2.78,6.02,8.9,50,7.27,1.68
2021,Post-Monsoon,1,Mulshi Dam (Mula Source),0,2.72,3.81,5.99,7.91,157,7.45,1.41
2021,Winter,1,Mulshi Dam (Mula Source),0,7.54,5.69,11.84,7.76,224,7.43,2.08
2021,Summer,1,Mulshi Dam (Mula Source),0,5.89,5.73,14.13,7.88,583,7.44,2.17
2022,Monsoon,1,Mulshi Dam (Mula Source),0,2.0,2.64,7.53,8.65,50,7.36,0.69
2022,Post-Monsoon,1,Mulshi Dam (Mula Source),0,2.95,4.84,15.3,8.27,571,7.41,1.03
2022,Winter,1,Mulshi Dam (Mula Source),0,8.96,9.23,23.93,8.34,50,7.39,2.12
2022,Summer,1,Mulshi Dam (Mula Source),0,9.85,7.56,15.68,7.74,955,7.45,1.92
2023,Monsoon,1,Mulshi Dam (Mula Source),0,2.0,2.35,7.94,8.46,50,7.43,1.29
2023,Post-Monsoon,1,Mulshi Dam (Mula Source),0,8.4,5.57,13.83,7.79,50,7.35,2.14
2023,Winter,1,Mulshi Dam (Mula Source),0,8.13,6.12,13.08,7.8,357,7.24,1.9
2023,Summer,1,Mulshi Dam (Mula Source),0,11.69,11.26,29.63,7.76,1056,7.09,2.39
2024,Monsoon,1,Mulshi Dam (Mula Source),0,4.02,7.91,20.18,8.31,112,7.24,2.05
2024,Post-Monsoon,1,Mulshi Dam (Mula Source),0,7.9,7.53,17.76,8.37,50,7.38,3.04
2024,Winter,1,Mulshi Dam (Mula Source),0,5.7,4.28,11.33,7.95,50,7.35,1.15
2024,Summer,1,Mulshi Dam (Mula Source),0,11.94,7.19,21.79,7.43,978,7.36,1.82
2025,Monsoon,1,Mulshi Dam (Mula Source),0,4.46,6.41,13.45,8.24,289,7.43,0.92
2025,Post-Monsoon,1,Mulshi Dam (Mula Source),0,2.75,4.3,11.77,8.38,233,7.3,1.45
2025,Winter,1,Mulshi Dam (Mula Source),0,8.95,5.85,18.94,8.02,50,7.38,1.59
2025,Summer,1,Mulshi Dam (Mula Source),0,12.78,10.77,26.36,7.89,1512,7.35,3.48
2026,Monsoon,1,Mulshi Dam (Mula Source),0,3.29,2.68,5.19,8.02,50,7.4,1.53
2026,Post-Monsoon,1,Mulshi Dam (Mula Source),0,8.15,6.5,19.81,7.85,1891,7.38,1.55
2026,Winter,1,Mulshi Dam (Mula Source),0,5.57,5.79,14.61,8.32,485,7.34,1.25
2026,Summer,1,Mulshi Dam (Mula Source),0,7.07,5.22,15.28,8.07,50,7.35,2.04
2020,Monsoon,2,Pashan Lake Inflow,8,4.54,4.73,12.41,7.84,343,7.41,2.09
2020,Post-Monsoon,2,Pashan Lake Inflow,8,13.13,7.16,16.74,7.74,1637,7.32,4.5
2020,Winter,2,Pashan Lake Inflow,8,15.68,12.33,33.97,7.6,1808,7.32,2.49
2020,Summer,2,Pashan Lake Inflow,8,18.16,11.26,29.44,7.92,1704,7.29,2.37
2021,Monsoon,2,Pashan Lake Inflow,8,5.77,6.81,17.83,7.77,50,7.41,1.33
2021,Post-Monsoon,2,Pashan Lake Inflow,8,11.36,8.31,20.3,8.35,1348,7.08,2.46
2021,Winter,2,Pashan Lake Inflow,8,13.02,10.44,25.56,7.55,1609,7.36,1.96
2021,Summer,2,Pashan Lake Inflow,8,18.48,11.45,28.46,7.74,2933,7.09,3.68
2022,Monsoon,2,Pashan Lake Inflow,8,12.46,10.4,24.0,7.48,1875,7.2,2.72
2022,Post-Monsoon,2,Pashan Lake Inflow,8,13.07,7.8,20.16,6.61,853,7.24,1.94
2022,Winter,2,Pashan Lake Inflow,8,19.19,10.41,26.19,7.2,3665,7.06,3.88
2022,Summer,2,Pashan Lake Inflow,8,19.9,11.47,30.75,7.17,2868,7.21,3.2
2023,Monsoon,2,Pashan Lake Inflow,8,7.49,7.11,21.66,7.6,1515,7.13,1.82
2023,Post-Monsoon,2,Pashan Lake Inflow,8,12.69,9.4,23.19,7.55,1041,7.21,2.95
2023,Winter,2,Pashan Lake Inflow,8,16.11,9.82,27.33,7.46,2483,7.3,2.52
2023,Summer,2,Pashan Lake Inflow,8,18.63,13.37,35.98,7.19,2834,7.34,2.94
2024,Monsoon,2,Pashan Lake Inflow,8,8.63,6.44,16.31,8.23,1007,7.4,2.69
2024,Post-Monsoon,2,Pashan Lake Inflow,8,11.34,9.26,23.46,7.8,964,7.3,2.66
2024,Winter,2,Pashan Lake Inflow,8,13.28,12.44,30.33,7.21,1989,7.35,2.91
2024,Summer,2,Pashan Lake Inflow,8,21.73,13.93,34.42,7.0,3439,7.28,3.53
2025,Monsoon,2,Pashan Lake Inflow,8,5.23,4.4,12.27,7.96,50,7.37,1.75
2025,Post-Monsoon,2,Pashan Lake Inflow,8,10.08,6.84,18.25,7.36,109,7.23,2.1
2025,Winter,2,Pashan Lake Inflow,8,16.18,13.11,35.8,7.32,2085,7.14,2.93
2025,Summer,2,Pashan Lake Inflow,8,19.55,13.23,32.74,7.29,3823,7.19,3.55
2026,Monsoon,2,Pashan Lake Inflow,8,9.05,6.38,17.04,7.87,704,7.23,2.1
2026,Post-Monsoon,2,Pashan Lake Inflow,8,12.64,11.13,30.86,8.26,895,7.36,2.61
2026,Winter,2,Pashan Lake Inflow,8,20.94,12.31,30.33,6.85,2447,7.14,3.13
2026,Summer,2,Pashan Lake Inflow,8,20.73,13.91,39.92,7.33,3149,7.1,3.73
2020,Monsoon,3,Aundh,14,9.3,9.86,27.99,7.71,50,7.44,2.06
2020,Post-Monsoon,3,Aundh,14,22.69,12.09,30.24,6.91,4143,7.13,4.03
2020,Winter,3,Aundh,14,23.93,14.95,39.11,6.98,4937,7.05,3.1
2020,Summer,3,Aundh,14,38.19,23.51,59.63,6.29,11728,7.14,5.62
2021,Monsoon,3,Aundh,14,18.13,14.6,37.46,7.52,2952,7.36,2.69
2021,Post-Monsoon,3,Aundh,14,21.9,15.63,37.12,6.61,2818,7.15,3.99
2021,Winter,3,Aundh,14,31.15,19.25,53.31,5.91,6912,7.08,4.93
2021,Summer,3,Aundh,14,35.97,18.68,48.39,5.59,10684,7.08,4.85
2022,Monsoon,3,Aundh,14,12.07,7.05,18.2,7.94,672,7.33,2.18
2022,Post-Monsoon,3,Aundh,14,18.79,12.18,29.6,7.02,2226,7.41,3.27
2022,Winter,3,Aundh,14,26.45,16.87,43.64,6.58,5902,7.21,3.91
2022,Summer,3,Aundh,14,35.66,21.2,50.52,5.55,10856,7.21,5.15
2023,Monsoon,3,Aundh,14,14.9,10.66,33.87,7.79,1712,7.16,1.98
2023,Post-Monsoon,3,Aundh,14,21.45,12.66,30.07,6.8,3138,7.35,4.01
2023,Winter,3,Aundh,14,28.39,19.84,51.74,6.25,7211,7.17,3.89
2023,Summer,3,Aundh,14,36.91,20.99,51.81,6.19,11854,6.89,5.71
2024,Monsoon,3,Aundh,14,11.92,7.83,19.17,7.41,1161,7.2,2.57
2024,Post-Monsoon,3,Aundh,14,20.95,13.16,32.4,6.86,3888,7.24,3.03
2024,Winter,3,Aundh,14,28.85,18.99,46.04,6.64,6326,7.17,4.08
2024,Summer,3,Aundh,14,33.12,17.77,46.3,6.26,8323,7.13,4.14
2025,Monsoon,3,Aundh,14,13.46,7.58,18.4,7.57,1018,7.23,3.12
2025,Post-Monsoon,3,Aundh,14,19.75,14.11,34.43,7.28,3839,6.96,2.97
2025,Winter,3,Aundh,14,30.2,18.3,48.32,6.2,7338,7.08,5.21
2025,Summer,3,Aundh,14,38.47,23.67,60.72,5.66,11623,7.05,5.41
2026,Monsoon,3,Aundh,14,14.4,13.03,35.62,7.39,2260,7.22,1.71
2026,Post-Monsoon,3,Aundh,14,18.76,9.51,24.02,7.19,3652,7.25,3.14
2026,Winter,3,Aundh,14,30.95,15.71,41.32,6.56,6924,7.2,4.88
2026,Summer,3,Aundh,14,36.96,23.28,65.07,5.97,11051,6.98,5.01
2020,Monsoon,4,Bopodi,18,19.18,11.26,29.42,7.01,3181,7.24,3.82
2020,Post-Monsoon,4,Bopodi,18,25.32,15.52,38.39,6.59,5319,7.22,3.58
2020,Winter,4,Bopodi,18,38.27,25.08,66.03,6.38,11332,6.89,4.7
2020,Summer,4,Bopodi,18,51.24,31.16,80.9,5.0,20441,7.13,7.21
2021,Monsoon,4,Bopodi,18,17.89,12.93,34.58,7.32,2164,7.27,4.09
2021,Post-Monsoon,4,Bopodi,18,30.76,21.31,54.38,6.05,7507,7.1,5.24
2021,Winter,4,Bopodi,18,32.95,22.42,57.98,6.07,8180,6.9,5.37
2021,Summer,4,Bopodi,18,49.11,27.07,67.79,4.96,20127,6.88,6.14
2022,Monsoon,4,Bopodi,18,17.51,11.22,23.78,7.26,2337,7.29,4.03
2022,Post-Monsoon,4,Bopodi,18,31.01,18.65,46.28,7.1,7723,7.09,4.71
2022,Winter,4,Bopodi,18,38.76,23.1,58.91,5.62,12003,6.96,5.29
2022,Summer,4,Bopodi,18,50.62,29.46,79.6,4.16,21041,7.02,6.04
2023,Monsoon,4,Bopodi,18,17.41,11.02,25.84,7.05,1869,7.4,3.56
2023,Post-Monsoon,4,Bopodi,18,31.59,20.46,50.94,6.13,8229,6.96,5.15
2023,Winter,4,Bopodi,18,37.96,22.32,59.45,5.98,11347,7.14,5.01
2023,Summer,4,Bopodi,18,52.28,31.64,81.64,4.94,21239,6.97,7.18
2024,Monsoon,4,Bopodi,18,17.08,12.97,32.31,6.88,1555,7.29,2.41
2024,Post-Monsoon,4,Bopodi,18,32.99,17.02,47.64,6.25,8656,7.02,5.16
2024,Winter,4,Bopodi,18,38.72,24.95,65.1,5.83,11812,7.01,5.8
2024,Summer,4,Bopodi,18,46.8,25.72,68.36,5.28,17427,6.93,6.79
2025,Monsoon,4,Bopodi,18,17.14,10.26,27.07,7.01,2553,7.06,3.57
2025,Post-Monsoon,4,Bopodi,18,29.94,18.85,50.98,6.9,7676,6.92,3.95
2025,Winter,4,Bopodi,18,37.46,22.64,59.9,5.66,11320,6.95,5.19
2025,Summer,4,Bopodi,18,47.83,26.92,67.29,4.86,18829,6.83,8.06
2026,Monsoon,4,Bopodi,18,19.8,13.17,32.53,7.32,2847,7.21,4.66
2026,Post-Monsoon,4,Bopodi,18,28.64,19.47,49.22,6.48,7445,7.05,5.34
2026,Winter,4,Bopodi,18,40.96,23.68,62.83,5.92,13732,6.83,5.55
2026,Summer,4,Bopodi,18,50.95,29.91,79.01,4.99,20097,6.93,7.42
2020,Monsoon,5,Sangam Bridge (Mula-Mutha Confluence),21,14.9,11.82,32.4,7.59,1740,7.08,3.0
2020,Post-Monsoon,5,Sangam Bridge (Mula-Mutha Confluence),21,21.52,14.24,34.47,6.67,4231,7.18,3.92
2020,Winter,5,Sangam Bridge (Mula-Mutha Confluence),21,28.57,17.76,48.05,6.35,6578,7.07,4.21
2020,Summer,5,Sangam Bridge (Mula-Mutha Confluence),21,36.73,22.53,57.62,6.31,10343,7.01,5.19
2021,Monsoon,5,Sangam Bridge (Mula-Mutha Confluence),21,17.52,11.93,33.08,6.83,2589,7.31,3.14
2021,Post-Monsoon,5,Sangam Bridge (Mula-Mutha Confluence),21,24.29,14.59,40.75,7.49,4540,7.11,4.64
2021,Winter,5,Sangam Bridge (Mula-Mutha Confluence),21,33.3,19.53,49.94,6.08,8200,6.98,4.49
2021,Summer,5,Sangam Bridge (Mula-Mutha Confluence),21,36.71,22.14,58.03,6.4,10279,7.13,5.3
2022,Monsoon,5,Sangam Bridge (Mula-Mutha Confluence),21,14.19,10.81,25.86,7.62,1693,7.31,2.85
2022,Post-Monsoon,5,Sangam Bridge (Mula-Mutha Confluence),21,28.4,16.66,42.25,6.33,6173,7.05,5.0
2022,Winter,5,Sangam Bridge (Mula-Mutha Confluence),21,33.76,19.71,49.58,6.28,8842,7.13,5.15
2022,Summer,5,Sangam Bridge (Mula-Mutha Confluence),21,35.96,24.1,66.25,5.8,10151,7.07,5.48
2023,Monsoon,5,Sangam Bridge (Mula-Mutha Confluence),21,16.07,13.85,35.66,7.14,1375,7.17,2.91
2023,Post-Monsoon,5,Sangam Bridge (Mula-Mutha Confluence),21,26.92,16.03,42.13,6.61,6391,7.38,3.96
2023,Winter,5,Sangam Bridge (Mula-Mutha Confluence),21,29.22,19.64,52.43,7.01,7122,7.07,4.8
2023,Summer,5,Sangam Bridge (Mula-Mutha Confluence),21,42.83,26.79,70.67,5.82,15259,7.11,6.46
2024,Monsoon,5,Sangam Bridge (Mula-Mutha Confluence),21,14.1,9.97,28.34,7.27,1774,7.22,2.71
2024,Post-Monsoon,5,Sangam Bridge (Mula-Mutha Confluence),21,25.78,16.46,42.89,6.29,5688,7.21,5.17
2024,Winter,5,Sangam Bridge (Mula-Mutha Confluence),21,29.87,18.76,49.27,6.88,7091,7.13,4.89
2024,Summer,5,Sangam Bridge (Mula-Mutha Confluence),21,40.79,23.76,62.16,5.97,12795,7.01,5.54
2025,Monsoon,5,Sangam Bridge (Mula-Mutha Confluence),21,17.58,9.38,23.27,7.38,3255,7.22,2.83
2025,Post-Monsoon,5,Sangam Bridge (Mula-Mutha Confluence),21,27.4,14.9,34.34,6.71,5756,7.02,4.64
2025,Winter,5,Sangam Bridge (Mula-Mutha Confluence),21,31.42,18.43,45.36,6.56,8221,7.08,5.69
2025,Summer,5,Sangam Bridge (Mula-Mutha Confluence),21,37.86,20.54,52.02,5.84,11590,7.0,5.72
2026,Monsoon,5,Sangam Bridge (Mula-Mutha Confluence),21,11.53,10.51,27.16,8.03,1234,7.33,2.67
2026,Post-Monsoon,5,Sangam Bridge (Mula-Mutha Confluence),21,23.92,16.12,44.57,6.88,4930,7.15,4.59
2026,Winter,5,Sangam Bridge (Mula-Mutha Confluence),21,29.25,20.79,53.97,6.02,6907,7.04,4.93
2026,Summer,5,Sangam Bridge (Mula-Mutha Confluence),21,39.08,22.82,55.55,5.63,11005,6.85,6.07
2020,Monsoon,6,Bund Garden,24,22.21,14.86,36.7,6.93,3946,7.06,4.42
2020,Post-Monsoon,6,Bund Garden,24,33.69,20.2,52.57,6.2,8061,7.04,4.7
2020,Winter,6,Bund Garden,24,40.25,23.71,65.24,5.88,12672,7.05,6.53
2020,Summer,6,Bund Garden,24,58.56,34.3,87.89,4.61,27632,6.9,8.34
2021,Monsoon,6,Bund Garden,24,23.48,14.11,39.32,6.92,5448,7.1,4.69
2021,Post-Monsoon,6,Bund Garden,24,32.94,19.14,48.8,6.1,8892,7.12,4.67
2021,Winter,6,Bund Garden,24,43.97,29.4,79.9,5.55,15487,6.97,6.58
2021,Summer,6,Bund Garden,24,55.38,32.07,80.04,4.74,24859,6.8,8.43
2022,Monsoon,6,Bund Garden,24,18.4,9.92,26.24,7.53,3550,7.17,3.75
2022,Post-Monsoon,6,Bund Garden,24,33.29,20.05,53.9,6.37,8079,7.21,5.69
2022,Winter,6,Bund Garden,24,43.75,26.66,70.3,5.52,15038,6.9,6.24
2022,Summer,6,Bund Garden,24,62.56,37.22,96.03,4.35,29882,6.89,7.64
2023,Monsoon,6,Bund Garden,24,20.72,11.72,27.88,7.4,3202,7.23,3.46
2023,Post-Monsoon,6,Bund Garden,24,34.84,21.28,52.76,6.36,9464,6.9,4.97
2023,Winter,6,Bund Garden,24,49.42,30.45,78.47,4.94,19375,7.11,7.12
2023,Summer,6,Bund Garden,24,61.16,37.18,97.15,4.14,29827,6.78,8.32
2024,Monsoon,6,Bund Garden,24,23.59,15.05,40.6,6.82,4491,6.96,4.29
2024,Post-Monsoon,6,Bund Garden,24,34.74,22.6,52.97,6.7,9582,7.16,4.65
2024,Winter,6,Bund Garden,24,47.5,26.54,67.76,5.75,17952,6.95,7.13
2024,Summer,6,Bund Garden,24,61.72,36.17,94.77,4.9,30445,6.8,8.93
2025,Monsoon,6,Bund Garden,24,24.65,17.34,46.36,6.43,5679,7.04,4.11
2025,Post-Monsoon,6,Bund Garden,24,32.17,19.59,51.59,6.34,8488,7.24,5.09
2025,Winter,6,Bund Garden,24,45.6,28.53,76.56,4.94,16935,7.01,6.32
2025,Summer,6,Bund Garden,24,64.25,37.11,96.74,3.95,33027,6.65,7.99
2026,Monsoon,6,Bund Garden,24,25.97,15.01,37.04,6.04,5075,7.01,4.94
2026,Post-Monsoon,6,Bund Garden,24,36.72,21.16,59.52,6.22,10625,6.78,6.55
2026,Winter,6,Bund Garden,24,42.94,23.15,62.24,6.23,15439,7.03,6.45
2026,Summer,6,Bund Garden,24,63.2,37.9,99.1,4.11,31921,6.69,8.44
2020,Monsoon,7,Mundhwa,29,21.87,13.88,34.11,6.64,3915,7.32,4.08
2020,Post-Monsoon,7,Mundhwa,29,36.67,20.69,55.68,5.64,10647,7.09,4.92
2020,Winter,7,Mundhwa,29,55.36,30.45,77.97,4.72,23724,6.89,7.63
2020,Summer,7,Mundhwa,29,73.88,42.97,114.45,3.37,43452,6.67,10.14
2021,Monsoon,7,Mundhwa,29,27.01,16.91,42.56,6.41,5132,7.3,3.62
2021,Post-Monsoon,7,Mundhwa,29,40.09,22.97,61.51,5.61,13478,6.93,5.95
2021,Winter,7,Mundhwa,29,54.66,35.28,89.35,4.77,24222,6.89,7.47
2021,Summer,7,Mundhwa,29,74.35,42.96,111.4,3.58,45329,6.6,9.24
2022,Monsoon,7,Mundhwa,29,27.45,20.96,52.89,7.07,6864,7.07,4.58
2022,Post-Monsoon,7,Mundhwa,29,47.11,27.34,70.68,5.03,17245,6.86,6.04
2022,Winter,7,Mundhwa,29,58.49,33.02,86.32,3.94,27535,6.9,7.02
2022,Summer,7,Mundhwa,29,77.79,46.62,118.79,3.56,48613,6.55,10.31
2023,Monsoon,7,Mundhwa,29,29.28,18.22,48.45,6.17,6941,6.97,4.46
2023,Post-Monsoon,7,Mundhwa,29,41.11,23.51,63.6,5.95,13824,6.88,5.77
2023,Winter,7,Mundhwa,29,61.89,36.25,98.89,4.29,30739,6.75,8.49
2023,Summer,7,Mundhwa,29,77.06,45.45,120.08,2.87,46844,6.45,10.5
2024,Monsoon,7,Mundhwa,29,25.3,12.69,33.77,7.48,5119,7.23,4.08
2024,Post-Monsoon,7,Mundhwa,29,43.41,27.25,70.27,5.54,15233,6.9,6.7
2024,Winter,7,Mundhwa,29,58.81,33.21,87.42,4.11,27679,6.81,8.6
2024,Summer,7,Mundhwa,29,79.14,45.49,119.91,3.38,50382,6.61,9.84
2025,Monsoon,7,Mundhwa,29,25.55,15.6,39.34,6.66,5251,7.2,4.03
2025,Post-Monsoon,7,Mundhwa,29,45.1,26.9,65.99,5.06,16203,6.83,6.71
2025,Winter,7,Mundhwa,29,63.39,38.69,100.17,4.51,32220,6.73,8.3
2025,Summer,7,Mundhwa,29,77.62,44.11,115.03,3.12,48195,6.67,10.91
2026,Monsoon,7,Mundhwa,29,30.71,16.66,38.21,6.63,6860,7.07,4.1
2026,Post-Monsoon,7,Mundhwa,29,39.57,24.58,65.43,5.56,11231,6.95,5.94
2026,Winter,7,Mundhwa,29,56.12,33.14,86.13,4.75,25254,6.74,8.33
2026,Summer,7,Mundhwa,29,78.31,45.03,115.21,2.89,48616,6.6,11.25
2020,Monsoon,8,Kharadi,34,26.27,14.03,39.42,6.6,5186,7.24,3.85
2020,Post-Monsoon,8,Kharadi,34,50.77,30.94,79.47,5.59,20313,6.97,7.24
2020,Winter,8,Kharadi,34,65.95,40.62,105.68,3.66,35029,6.67,9.92
2020,Summer,8,Kharadi,34,82.84,47.01,122.6,2.3,54415,6.69,10.61
2021,Monsoon,8,Kharadi,34,27.97,18.19,49.67,6.76,6758,7.04,3.65
2021,Post-Monsoon,8,Kharadi,34,51.34,29.75,76.85,5.3,21363,6.93,8.24
2021,Winter,8,Kharadi,34,62.97,38.03,98.99,4.17,32488,6.82,8.83
2021,Summer,8,Kharadi,34,87.66,49.66,127.44,2.05,60485,6.73,10.97
2022,Monsoon,8,Kharadi,34,30.93,18.6,48.97,6.58,8082,7.03,4.63
2022,Post-Monsoon,8,Kharadi,34,49.68,28.95,78.48,5.17,20111,6.97,7.55
2022,Winter,8,Kharadi,34,66.91,36.86,96.64,3.62,35556,6.79,9.65
2022,Summer,8,Kharadi,34,87.5,50.59,134.94,2.45,62555,6.58,10.62
2023,Monsoon,8,Kharadi,34,33.61,21.06,57.34,6.35,8967,6.94,4.93
2023,Post-Monsoon,8,Kharadi,34,47.22,27.1,71.64,5.7,18038,6.81,6.89
2023,Winter,8,Kharadi,34,69.97,39.57,102.61,3.61,38771,6.77,9.34
2023,Summer,8,Kharadi,34,89.18,49.72,128.4,2.47,63431,6.68,11.5
2024,Monsoon,8,Kharadi,34,32.5,21.27,52.47,5.7,7684,7.2,4.62
2024,Post-Monsoon,8,Kharadi,34,56.07,31.99,83.54,5.04,26153,7.05,8.33
2024,Winter,8,Kharadi,34,69.98,41.38,109.14,3.44,38763,6.7,9.31
2024,Summer,8,Kharadi,34,87.57,51.21,135.06,2.4,62088,6.41,11.41
2025,Monsoon,8,Kharadi,34,30.31,15.87,41.1,6.34,8108,7.16,4.13
2025,Post-Monsoon,8,Kharadi,34,54.58,33.85,89.17,4.61,23349,6.82,8.09
2025,Winter,8,Kharadi,34,72.49,44.18,113.89,3.09,42109,6.5,9.86
2025,Summer,8,Kharadi,34,88.81,50.15,127.2,2.44,62836,6.39,10.22
2026,Monsoon,8,Kharadi,34,32.17,22.35,61.43,6.11,7979,7.13,4.36
2026,Post-Monsoon,8,Kharadi,34,50.91,31.15,83.44,4.91,20632,6.8,6.7
2026,Winter,8,Kharadi,34,67.5,39.68,105.0,3.53,37197,6.7,9.09
2026,Summer,8,Kharadi,34,87.69,46.6,122.93,2.58,61381,6.53,11.78
2020,Monsoon,9,Fursungi / Manjari,41,29.39,17.37,46.75,6.07,7058,6.97,4.76
2020,Post-Monsoon,9,Fursungi / Manjari,41,51.71,28.02,75.18,4.66,20987,6.9,7.78
2020,Winter,9,Fursungi / Manjari,41,67.76,39.36,103.19,3.96,36820,6.69,8.72
2020,Summer,9,Fursungi / Manjari,41,92.72,51.39,127.77,2.14,69221,6.24,11.62
2021,Monsoon,9,Fursungi / Manjari,41,35.85,24.8,64.52,5.77,10188,7.18,4.98
2021,Post-Monsoon,9,Fursungi / Manjari,41,51.36,29.52,74.85,4.94,21911,6.92,7.04
2021,Winter,9,Fursungi / Manjari,41,71.68,39.08,103.37,3.46,41013,7.0,9.75
2021,Summer,9,Fursungi / Manjari,41,93.4,52.73,139.39,2.0,69062,6.56,11.87
2022,Monsoon,9,Fursungi / Manjari,41,39.98,25.61,65.69,6.09,12821,7.09,6.04
2022,Post-Monsoon,9,Fursungi / Manjari,41,52.79,30.07,80.24,4.7,22094,6.78,7.55
2022,Winter,9,Fursungi / Manjari,41,79.67,44.22,115.02,3.35,50744,6.65,10.03
2022,Summer,9,Fursungi / Manjari,41,98.0,55.62,146.58,2.0,78126,6.48,12.92
2023,Monsoon,9,Fursungi / Manjari,41,36.06,21.3,56.06,5.89,10485,7.17,4.82
2023,Post-Monsoon,9,Fursungi / Manjari,41,58.18,35.98,93.31,3.79,26777,6.95,7.97
2023,Winter,9,Fursungi / Manjari,41,72.6,41.17,108.72,3.58,42042,6.64,9.52
2023,Summer,9,Fursungi / Manjari,41,96.5,57.5,148.86,2.11,75262,6.53,12.36
2024,Monsoon,9,Fursungi / Manjari,41,36.81,22.21,55.94,6.02,10252,7.15,5.19
2024,Post-Monsoon,9,Fursungi / Manjari,41,56.2,33.33,86.14,4.74,25028,6.93,7.07
2024,Winter,9,Fursungi / Manjari,41,75.9,46.65,119.29,2.98,46346,6.66,10.28
2024,Summer,9,Fursungi / Manjari,41,98.0,56.85,150.03,1.76,76711,6.49,13.71
2025,Monsoon,9,Fursungi / Manjari,41,35.67,20.15,54.6,5.97,9090,7.13,5.01
2025,Post-Monsoon,9,Fursungi / Manjari,41,55.77,33.17,86.62,4.81,24664,6.89,7.56
2025,Winter,9,Fursungi / Manjari,41,77.84,45.74,117.05,3.38,48206,6.7,10.52
2025,Summer,9,Fursungi / Manjari,41,98.0,55.56,143.76,1.63,76680,6.5,11.95
2026,Monsoon,9,Fursungi / Manjari,41,33.52,18.83,50.86,6.67,8934,7.05,5.06
2026,Post-Monsoon,9,Fursungi / Manjari,41,59.14,33.14,86.64,4.65,28229,6.83,8.6
2026,Winter,9,Fursungi / Manjari,41,69.56,41.27,105.99,3.08,38963,6.84,9.28
2026,Summer,9,Fursungi / Manjari,41,98.0,58.32,154.26,2.13,77203,6.43,11.96
2020,Monsoon,10,Confluence with Bhima River (Downstream Exit),52,26.38,15.25,43.99,6.6,5630,7.19,4.19
2020,Post-Monsoon,10,Confluence with Bhima River (Downstream Exit),52,46.24,26.5,69.29,5.04,16443,6.88,6.53
2020,Winter,10,Confluence with Bhima River (Downstream Exit),52,55.93,31.72,79.66,4.56,24270,6.92,7.75
2020,Summer,10,Confluence with Bhima River (Downstream Exit),52,71.36,40.78,104.52,3.6,41403,6.5,9.62
2021,Monsoon,10,Confluence with Bhima River (Downstream Exit),52,27.41,18.08,47.43,6.36,5850,7.05,4.83
2021,Post-Monsoon,10,Confluence with Bhima River (Downstream Exit),52,43.31,28.67,74.42,5.26,14251,6.79,5.41
2021,Winter,10,Confluence with Bhima River (Downstream Exit),52,59.38,35.42,88.93,4.61,27964,6.82,8.93
2021,Summer,10,Confluence with Bhima River (Downstream Exit),52,79.49,45.32,116.05,2.29,50192,6.58,10.05
2022,Monsoon,10,Confluence with Bhima River (Downstream Exit),52,28.29,17.68,45.52,6.32,6487,7.16,3.85
2022,Post-Monsoon,10,Confluence with Bhima River (Downstream Exit),52,48.05,28.28,73.57,5.35,18584,7.01,6.91
2022,Winter,10,Confluence with Bhima River (Downstream Exit),52,58.89,34.93,88.53,4.41,27726,6.79,8.0
2022,Summer,10,Confluence with Bhima River (Downstream Exit),52,74.8,42.31,110.19,3.31,44240,6.78,9.54
2023,Monsoon,10,Confluence with Bhima River (Downstream Exit),52,31.27,19.84,50.29,6.84,7223,7.18,5.25
2023,Post-Monsoon,10,Confluence with Bhima River (Downstream Exit),52,43.19,27.84,71.88,5.56,15051,6.95,6.59
2023,Winter,10,Confluence with Bhima River (Downstream Exit),52,62.87,33.96,90.9,3.6,32138,6.88,8.0
2023,Summer,10,Confluence with Bhima River (Downstream Exit),52,79.09,43.84,113.55,2.87,50429,6.74,11.19
2024,Monsoon,10,Confluence with Bhima River (Downstream Exit),52,27.62,16.88,40.52,6.32,6587,7.29,3.7
2024,Post-Monsoon,10,Confluence with Bhima River (Downstream Exit),52,43.68,25.98,68.11,5.2,15473,6.92,6.23
2024,Winter,10,Confluence with Bhima River (Downstream Exit),52,62.65,36.47,93.95,4.08,31358,6.74,8.39
2024,Summer,10,Confluence with Bhima River (Downstream Exit),52,84.64,49.39,127.82,2.78,57139,6.67,11.34
2025,Monsoon,10,Confluence with Bhima River (Downstream Exit),52,28.92,18.58,45.17,6.14,6093,7.13,5.34
2025,Post-Monsoon,10,Confluence with Bhima River (Downstream Exit),52,50.98,31.0,81.6,4.39,20520,6.81,6.81
2025,Winter,10,Confluence with Bhima River (Downstream Exit),52,61.2,34.95,86.91,4.44,29423,6.81,9.38
2025,Summer,10,Confluence with Bhima River (Downstream Exit),52,78.78,41.53,107.41,3.32,50625,6.49,10.7
2026,Monsoon,10,Confluence with Bhima River (Downstream Exit),52,28.15,17.32,50.32,6.08,6465,7.17,4.92
2026,Post-Monsoon,10,Confluence with Bhima River (Downstream Exit),52,45.84,27.67,71.16,5.37,16638,7.0,6.32
2026,Winter,10,Confluence with Bhima River (Downstream Exit),52,62.82,36.51,97.18,4.09,30686,6.9,8.09
2026,Summer,10,Confluence with Bhima River (Downstream Exit),52,79.79,44.99,119.72,2.27,52494,6.71,10.69
